method,total_cost,peak_total_load_kw,peak_ev_load_kw,peak_to_average_ratio,deadline_violation_rate,strict_deadline_violation_rate,severe_deadline_violation_rate,average_remaining_kwh,unserved_energy_ratio,fairness_jain,runtime_s,capacity_violation_rate,capacity_violation_max_kw,solver_status,dual_iterations,offline_admm_iterations,offline_admm_primal_residual,offline_admm_dual_residual,total_admm_iterations,active_slots,avg_admm_iterations,avg_final_primal_residual,avg_final_dual_residual,V,beta
uncontrolled_capped,1519.263560695017,266.7909419111432,199.1533994051552,1.9873236840112871,0.0,0.0,0.0,0.0,0.0,0.9999999999999998,0.0006097000150475651,0.0,0.0,,,,,,,,,,,,
greedy_deadline_price,1455.0988443336519,248.34522163041345,187.38077108186397,1.8499216548421307,0.0,0.0,0.0,0.0,0.0,0.9999999999999998,0.0025110999995376915,0.0,0.0,,,,,,,,,,,,
offline_centralized_lp,1343.8224842198736,309.9056731018956,269.3424214065567,2.308484986607909,0.0,0.0,0.0,3.552713678800501e-16,1.8740552162306066e-17,0.9999999999999998,0.03315489998203702,0.0,0.0,Optimization terminated successfully. (HiGHS Status 7: Optimal),,,,,,,,,,,
dual_decomposition,1343.8582891099409,305.50455379472055,264.79999999999984,2.275701082579333,0.0,0.0,0.0,1.5099033134902129e-15,7.964734668980077e-17,0.9999999999999998,0.2200285000144504,0.0,0.0,,250.0,,,,,,,,,,
offline_admm,1346.8470231861916,306.9774290820767,266.4141773867378,2.2866725193199877,0.0,0.0,0.0,1.0658141036401502e-16,5.6221656486918196e-18,0.9999999999999998,7.926974400004838,0.0,0.0,,,200.0,0.0,0.19571169032803543,,,,,,,
online_lyapunov_admm,1519.2724422657523,257.2409629227999,187.99733366029216,1.9161859636322123,0.0,0.0,0.0,1.3552527156068806e-22,7.148953308985162e-24,0.9999999999999998,0.019815900013782084,0.0,0.0,,,,,,605.0,47.0,12.872340425531915,0.0001774935173785835,0.0019667600088841696,1.0,0.015
