method,total_cost,peak_total_load_kw,peak_ev_load_kw,peak_to_average_ratio,deadline_violation_rate,strict_deadline_violation_rate,severe_deadline_violation_rate,average_remaining_kwh,unserved_energy_ratio,fairness_jain,runtime_s,capacity_violation_rate,capacity_violation_max_kw,solver_status,dual_iterations,offline_admm_iterations,offline_admm_primal_residual,offline_admm_dual_residual,total_admm_iterations,active_slots,avg_admm_iterations,avg_final_primal_residual,avg_final_dual_residual,V,beta
uncontrolled_capped,7863.944815775056,1146.9707881733057,1080.1867332337608,2.4165515808033695,0.0,0.0,0.0,4.496403249731884e-18,2.3782570422008467e-19,1.0,0.0007089999853633344,0.0,0.0,,,,,,,,,,,,
greedy_deadline_price,7604.337536662098,1114.4377507544507,1059.1624085176852,2.3480077575312213,0.0,0.0,0.0,5.551115123125783e-19,2.93611980518623e-20,1.0,0.006367299996782094,0.0,0.0,,,,,,,,,,,,
offline_centralized_lp,7018.311705458868,1318.489463848762,1269.5997367300806,2.7779241032029516,0.0,0.0,0.0,4.1566750041965863e-16,2.198566510123449e-17,1.0,0.2006829000019934,0.020833333333333332,1.567809451696803,Optimization terminated successfully. (HiGHS Status 7: Optimal),,,,,,,,,,,
dual_decomposition,7147.356212038521,1318.4894638487622,1269.5997367300806,2.7779241032029525,0.0,0.0,0.0,8.419931418757187e-16,4.4535065205064743e-17,1.0,0.8737848999735434,0.020833333333333332,1.5678094516970305,,250.0,,,,,,,,,,
offline_admm,7031.350136078325,1317.5545849118562,1269.599736730083,2.7759542025728257,0.0,0.0,0.0,5.936692869969562e-06,3.140061253676606e-07,0.9999999999983414,33.69734049998806,0.020833333333333332,0.6329305147910418,,,200.0,0.004079682424150784,0.3669411328409951,,,,,,,
online_lyapunov_admm,7842.30783126752,1063.0565202019316,1004.5032309280873,2.239752695418382,0.0,0.0,0.0,3.1363800445660673e-18,1.6589076899302202e-19,1.0,0.01620879999245517,0.0,0.0,,,,,,700.0,47.0,14.893617021276595,0.00012311365644533274,0.005750694382932294,1.0,0.015
