{
  "n_ev": 100,
  "n_slots": 48,
  "delta_h": 0.5,
  "seed": 7,
  "kappa": 1.0,
  "V": 1.0,
  "capacity_factor": 0.32,
  "total_requested_energy_kwh": 1895.7358609455891,
  "mean_parking_slots": 10.65,
  "mean_energy_kwh": 18.95735860945589,
  "mean_pmax_kw": 7.852000000000001
}