method,total_cost,peak_total_load_kw,peak_ev_load_kw,peak_to_average_ratio,deadline_violation_rate,strict_deadline_violation_rate,severe_deadline_violation_rate,average_remaining_kwh,unserved_energy_ratio,fairness_jain,runtime_s,capacity_violation_rate,capacity_violation_max_kw,total_admm_iterations,active_slots,avg_admm_iterations,avg_final_primal_residual,avg_final_dual_residual,V,beta,kappa
online_lyapunov_admm,748.4076491482142,165.0555519285912,96.7390073957133,1.7817744389273609,0.0,0.0,0.0,1.0536537819350045e-07,5.667567985528881e-09,0.9999999999999997,0.06633770000189543,0.041666666666666664,9.005897531526244,1508,46,32.78260869565217,3.277669189755784e-05,0.005500038289507875,0.2,0.015,0.0
online_lyapunov_admm,747.506126630482,162.24595893775822,97.62741975321855,1.751444887929629,0.0,0.0,0.0,1.3326719229600493e-07,7.168397110396837e-09,0.9999999999999991,0.08740949997445568,0.041666666666666664,6.196304540693262,1521,45,33.8,1.8430752329787225e-05,0.005695841178670426,0.2,0.015,0.5
online_lyapunov_admm,746.2195997115451,159.43636594692526,98.24713250649867,1.7211153330012543,0.0,0.0,0.0,6.842242377069762e-08,3.6804189868035535e-09,0.9999999999999992,0.13083790001110174,0.020833333333333332,3.3867115498603084,1537,46,33.41304347826087,1.4212514544486936e-05,0.005750666603749374,0.2,0.015,1.0
online_lyapunov_admm,744.0080859869381,156.62677295609228,99.68052279690045,1.6907857903601067,0.0,0.0,0.0,2.9796119862590675e-07,1.6027231897376426e-08,0.9999999999999988,0.1922404000069946,0.020833333333333332,0.5771185590273262,1583,45,35.17777777777778,1.2897586545873954e-05,0.0062122454590421055,0.2,0.015,1.5
online_lyapunov_admm,739.3185927282786,153.8171799652593,101.1838987844525,1.6604562288593419,0.0,0.0,0.0,7.166345363046612e-08,3.854752884600924e-09,0.9999999999999997,0.2213943999959156,0.0,0.0,1626,46,35.34782608695652,7.978352034010715e-05,0.0060641434674442605,0.2,0.015,2.0
