method,total_cost,peak_total_load_kw,peak_ev_load_kw,peak_to_average_ratio,deadline_violation_rate,strict_deadline_violation_rate,severe_deadline_violation_rate,average_remaining_kwh,unserved_energy_ratio,fairness_jain,runtime_s,capacity_violation_rate,capacity_violation_max_kw,solver_status,total_admm_iterations,active_slots,avg_admm_iterations,avg_final_primal_residual,avg_final_dual_residual,V,beta
uncontrolled_capped,741.7628223715317,156.62677295609225,94.43205381278497,1.6920663616540308,0.04,0.1,0.02,0.03171225557464759,0.0017057914803258337,0.999839221015346,0.000912499992409721,0.020833333333333332,0.5771185590272978,,,,,,,,
greedy_deadline_price,702.3375302563757,152.86351614510687,106.68089000365632,1.6599087122229248,0.22,0.22,0.16,0.24465922592229017,0.013160136849268998,0.998465371222727,0.0024010000051930547,0.0,0.0,,,,,,,,
offline_centralized_lp,697.3576050345162,156.62677295609228,109.63326982902333,1.6907857780812239,0.0,0.0,0.0,6.394884621840901e-16,3.439786766326262e-17,0.9999999999999997,0.016128000017488375,0.020833333333333332,0.5771185590273262,Optimization terminated successfully. (HiGHS Status 7: Optimal),,,,,,,
online_lyapunov_admm,714.3949028101877,148.56839029650467,105.26116441407126,1.6037955497550531,0.0,0.0,0.0,9.081412546407818e-09,4.884861032518573e-10,0.9999999999999997,0.032852200005436316,0.0,0.0,,1437.0,45.0,31.933333333333334,6.650908537109047e-05,0.007407962872546884,1.0,0.015
