{
  "n_ev": 500,
  "n_slots": 48,
  "delta_h": 0.5,
  "seed": 7,
  "kappa": 1.0,
  "V": 1.0,
  "capacity_factor": 0.32,
  "total_requested_energy_kwh": 9453.148187823504,
  "mean_parking_slots": 10.15,
  "mean_energy_kwh": 18.90629637564701,
  "mean_pmax_kw": 7.8016000000000005
}